"1","2013-01-17","0073697","2006-09-0646","brgy_2_1","","","0","0","140","7","","147",""
"2","2013-02-18","0158664","2006-09-0646","brgy_2_1","","","0","0","140","7","","147",""
"3","2013-03-01","0158906","2006-09-0646","brgy_2_1","","","0","0","185","9.25","","194.25",""
"4","2013-04-23","0160201","2006-09-0646","brgy_2_1","","","0","0","200","10","","210",""
"5","2013-05-29","0160940","2006-09-0646","brgy_2_1","","","0","0","185","9.25","","194.25",""
"6","2013-07-22","0423673","2006-09-0646","brgy_2_1","","","0","0","460","23","","483",""
"7","2013-09-18","0567265","2006-09-0646","brgy_2_1","","","0","0","370","18.5","","388.5",""
"8","2013-11-13","0676728","2006-09-0646","brgy_2_1","","","0","0","340","17","","357",""
"9","2014-01-09","0702025","2006-09-0646","brgy_2_1","","","0","0","385","19.25","","404.25",""
"10","2014-01-09","0702031","2013-07-1482","brgy_4_3","","","0","0","665","26.25","","691.25",""
"11","","N/A","2013-07-1482","brgy_4_3","","","0","0","140","0","","140",""
"12","2013-08-06","0424393","2013-07-1478","brgy_1","","","333.35","0","140","0","","473.35",""
"13","2013-08-30","0566667","2013-07-1478","brgy_1","","","333.35","0","155","0","","488.35",""
"14","2013-10-08","0567644","2013-07-1478","brgy_1","","","333.35","0","140","0","","473.35",""
"15","2013-11-21","0676924","2013-07-1478","brgy_1","","","0","0","140","7","","147",""
"16","2014-01-08","0702151","2013-07-1478","brgy_1","","","0","0","140","7","","147",""
"17","2013-03-07","0072838","2006-11-0665","brgy_1","","","0","0","140","7","","147",""
"18","2013-03-07","0159062","2006-11-0665","brgy_1","","","0","0","140","-38.5","","108.5",""
"19","2013-05-09","0160459","2006-11-0665","brgy_1","","","0","0","385","19.25","","404.25",""
"20","2013-07-29","0423988","2006-11-0665","brgy_1","","","0","0","370","18.5","","388.5",""
"21","2013-09-04","0566793","2006-11-0665","brgy_1","","","0","0","355","17.75","","372.75",""
"22","2013-10-08","0567702","2006-11-0665","brgy_1","","","0","0","140","0","","140",""
"23","2013-12-06","0677626","2006-11-0665","brgy_1","","","0","0","295","7.75","","302.75",""
"24","2014-01-09","0702152","2006-11-0665","brgy_1","","","0","0","155","0","","155",""
"25","2013-09-10","0567894","2013-03-1404","brgy_4_3","","","0","0","420","7","","427",""
"26","2014-01-09","0702153","2013-03-1404","brgy_4_3","","","0","0","280","14","","294",""
"27","2013-09-10","0567896","2006-05-0551","brgy_4_3","","","0","0","435","21.75","","456.75",""
"28","2014-01-09","0702154","2006-05-0551","brgy_4_3","","","0","0","940","47","","987",""
"29","2013-08-05","0424372","2013-02-1394","brgy_4_2","","","0","0","310","15.5","","325.5",""
"30","2013-10-14","0567803","2013-02-1394","brgy_4_2","","","0","0","280","14","","294",""
"31","2013-11-06","0568580","2013-02-1394","brgy_4_2","","","500","0","280","7","","787",""
"32","2014-01-09","0702155","2013-02-1394","brgy_4_2","","","0","0","140","7","","147",""
"33","2013-10-14","0567807","2013-04-1417","brgy_4_2","","","0","0","325","16.25","","341.25",""
"34","2014-01-09","0702157","2013-04-1417","brgy_4_2","","","0","0","480","24","","504",""
"35","2013-06-04","0160958","2006-05-0568","brgy_4_3","","","0","0","420","21","","441",""
"36","2013-09-09","0567884","2006-05-0568","brgy_4_3","","","0","0","420","21","","441",""
"37","2013-11-22","0677119","2006-05-0568","brgy_4_3","","","0","0","370","18.5","","388.5",""
"38","2014-01-09","0702158","2006-05-0568","brgy_4_3","","","0","0","280","14","","294",""
"39","2013-07-26","0423929","2006-11-0661","brgy_4_3","","","0","0","280","14","","294",""
"40","2013-09-09","0566897","2006-11-0661","brgy_4_3","","","0","0","700","35","","735",""
"41","2014-01-09","0702159","2006-11-0661","brgy_4_3","","","0","0","480","24","","504",""
"42","2013-07-26","0423928","2007-11-0775","brgy_4_3","","","0","0","140","7","","147",""
"43","2013-08-12","0424657","2007-11-0775","brgy_4_3","","","0","0","280","0","","280",""
"44","2013-09-09","0566599","2007-11-0775","brgy_4_3","","","0","0","420","7","","427",""
"45","2013-12-27","0701844","2007-11-0775","brgy_4_3","","","0","0","495","24.75","","519.75",""
"46","2014-01-09","0702160","2007-11-0775","brgy_4_3","","","0","0","340","17","","357",""
"47","2013-06-17","0337735","2007-05-0713","brgy_4_2","","","0","0","215","0","","215",""
"48","2013-07-19","0423665","2007-05-0713","brgy_4_2","","","0","0","260","0","","260",""
"49","2013-08-13","0424697","2007-05-0713","brgy_4_2","","","0","0","275","0","","275",""
"50","2013-09-16","0567140","2007-05-0713","brgy_4_2","","","0","0","260","0","","260",""
"51","2013-10-18","0568077","2007-05-0713","brgy_4_2","","","0","0","306","0","","306",""
"52","2013-11-18","0676979","2007-05-0713","brgy_4_2","","","0","0","306","0","","306",""
"53","2014-01-09","0702161","2007-05-0713","brgy_4_2","","","0","0","354","17.7","","371.7",""
"54","2013-02-06","0074261","2008-10-0869","brgy_4_2","","","0","0","185","0","","185",""
"55","2013-04-04","0159632","2008-10-0869","brgy_4_2","","","0","0","355","7","","362",""
"56","2013-05-14","0160416","2008-10-0869","brgy_4_2","","","0","0","290","0","","290",""
"57","2013-07-04","0423268","2008-10-0869","brgy_4_2","","","0","0","550","13.75","","563.75",""
"58","2013-08-12","0424502","2008-10-0869","brgy_4_2","","","0","0","275","0","","275",""
"59","2013-09-12","0567102","2008-10-0869","brgy_4_2","","","0","0","290","0","","290",""
"60","2013-10-14","0567985","2008-10-0869","brgy_4_2","","","0","0","306","0","","306",""
"61","2013-11-12","0676691","2008-10-0869","brgy_4_2","","","0","0","260","0","","260",""
"62","2013-12-11","0701217","2008-10-0869","brgy_4_2","","","0","0","215","0","","215",""
"63","2014-01-09","0702162","2008-10-0869","brgy_4_2","","","0","0","245","0","","245",""
"64","2013-01-10","0073573","2010-07-1061","brgy_4_2","","","0","0","140","7","","147",""
"65","2013-02-05","0158946","2010-07-1061","brgy_4_2","","","0","0","280","14","","294",""
"66","2013-05-14","0160499","2010-07-1061","brgy_4_2","","","0","0","140","7","","147",""
"67","2013-06-27","0338062","2010-07-1061","brgy_4_2","","","0","0","140","7","","147",""
"68","2013-07-31","0424128","2010-07-1061","brgy_4_2","","","0","0","280","14","","294",""
"69","2013-08-01","0424253","2010-07-1061","brgy_4_2","","","0","0","140","7","","147",""
"70","2013-08-12","0424579","2010-07-1061","brgy_4_2","","","0","0","140","7","","147",""
"71","2013-08-29","0566631","2010-07-1061","brgy_4_2","","","0","0","140","7","","147",""
"72","2013-10-14","0567818","2010-07-1061","brgy_4_2","","","0","0","140","7","","147",""
"73","2013-11-07","0568464","2010-07-1061","brgy_4_2","","","0","0","140","7","","147",""
"74","2013-12-16","0701299","2010-07-1061","brgy_4_2","","","0","0","140","7","","147",""
"75","2014-01-09","0702163","2010-07-1061","brgy_4_2","","","0","0","140","7","","147",""
"76","2013-10-14","0567819","2012-02-1259","brgy_4_2","","","0","0","565","28.25","","593.25",""
"77","2013-09-11","0567947","2012-02-1259","brgy_4_2","","","0","0","660","33","","693",""
"78","2014-01-09","0702165","2012-02-1259","brgy_4_2","","","0","0","660","33","","693",""
"79","2013-06-14","0337817","2013-02-1396","brgy_4_2","","","0","0","140","7","","147",""
"80","2013-09-10","0567898","2013-02-1396","brgy_4_2","","","0","0","560","28","","588",""
"81","2014-01-09","0702166","2013-02-1396","brgy_4_2","","","0","0","140","7","","147",""
"82","2014-01-08","0702168","2008-05-0826","brgy_5","","","0","0","934","46.7","","980.7",""
"83","2013-04-23","0160148","2013-02-1392","brgy_4_3","","","0","0","140","7","","147",""
"84","2013-07-16","0425516","2013-02-1392","brgy_4_3","","","0","0","385","19.25","","404.25",""
"85","2013-09-09","0567878","2013-02-1392","brgy_4_3","","","0","0","280","7","","287",""
"86","2013-11-18","0676982","2013-02-1392","brgy_4_3","","","0","0","280","7","","287",""
"87","2014-01-10","0702169","2013-02-1392","brgy_4_3","","","0","0","280","7","","287",""
"88","2013-06-25","0338038","2005-09-0351","brgy_1","","","0","0","575","28.75","","603.75",""
"89","2013-07-11","0423349","2005-09-0351","brgy_1","","","0","0","200","10","","210",""
"90","2013-09-18","0567210","2005-09-0351","brgy_1","","","0","0","420","14.7","","448.7",""
"91","2013-12-05","0677602","2005-09-0351","brgy_1","","","0","0","295","14.75","","309.75",""
"92","2014-01-10","0702170","2005-09-0351","brgy_1","","","0","0","140","7","","147",""
"93","2013-05-17","0160699","2013-01-1387","brgy_2_3","","","333.35","0","140","0","","473.35",""
"94","2013-06-14","0337710","2013-01-1387","brgy_2_3","","","333.35","0","140","0","","473.35",""
"95","2013-07-10","0423401","2013-01-1387","brgy_2_3","","","0","0","140","0","","140",""
"96","2013-08-16","0566331","2013-01-1387","brgy_2_3","","","0","0","140","0","","140",""
"97","2013-09-02","0566701","2013-01-1387","brgy_2_3","","","0","0","140","0","","140",""
"98","2013-10-21","0568101","2013-01-1387","brgy_2_3","","","0","0","140","7","","147",""
"99","2013-11-14","0676742","2013-01-1387","brgy_2_3","","","0","0","140","0","","140",""
"100","2013-12-16","0701326","2013-01-1387","brgy_2_3","","","0","0","140","0","","140",""
"101","2014-01-10","0702171","2013-01-1387","brgy_2_3","","","0","0","140","0","","140",""
"102","2013-05-16","0160639","2004-05-0067","brgy_3","","","0","0","690","34.5","","724.5",""
"103","2013-07-23","0423868","2004-05-0067","brgy_3","","","0","0","585","29.25","","614.25",""
"104","2013-10-21","0568108","2004-05-0067","brgy_3","","","0","0","215","10.75","","225.75",""
"105","2014-01-10","0702172","2004-05-0067","brgy_3","","","0","0","370","18.5","","388.5",""
"106","2012-07-12","0072912","2011-01-1137","brgy_2_3","","","0","0","354","0","","354",""
"107","2013-01-10","0073654","2011-01-1137","brgy_2_3","","","0","0","290","0","","290",""
"108","2013-02-11","0074311","2011-01-1137","brgy_2_3","","","0","0","290","0","","290",""
"109","2013-04-12","015693","2011-01-1137","brgy_2_3","","","0","0","306","0","","306",""
"110","2013-03-15","0159246","2011-01-1137","brgy_2_3","","","0","0","322","0","","322",""
"111","2013-05-14","0160500","2011-01-1137","brgy_2_3","","","0","0","418","0","","418",""
"112","2013-06-11","0337675","2011-01-1137","brgy_2_3","","","0","0","402","0","","402",""
"113","2013-07-15","0423510","2011-01-1137","brgy_2_3","","","0","0","402","0","","402",""
"114","2013-08-05","0424318","2011-01-1137","brgy_2_3","","","0","0","354","0","","354",""
"115","2013-09-03","0566780","2011-01-1137","brgy_2_3","","","0","0","386","0","","386",""
"116","2013-10-09","0567726","2011-01-1137","brgy_2_3","","","0","0","450","0","","450",""
"117","2013-11-12","0676671","2011-01-1137","brgy_2_3","","","0","0","418","0","","418",""
"118","2013-12-06","0677630","2011-01-1137","brgy_2_3","","","0","0","434","0","","434",""
"119","2014-01-10","0702173","2011-01-1137","brgy_2_3","","","0","0","402","0","","402",""
"120","2012-11-06","5357628","2011-01-1137","brgy_2_3","","","0","0","0","0","","0",""
"121","2013-07-29","0424027","2006-02-0466","brgy_2_3","","","0","0","780","39","","819",""
"122","2013-08-22","0566502","2006-02-0466","brgy_2_3","","","0","0","1354","15.2","","1369.2",""
"123","2013-10-30","0568318","2006-02-0466","brgy_2_3","","","0","0","446","22.3","","468.3",""
"124","2014-01-10","0702174","2006-02-0466","brgy_2_3","","","0","0","660","22.25","","682.25",""
"125","2012-12-17","0073041","2009-11-0954","brgy_2_3","","","0","0","0","0","","0",""
"126","2013-01-17","0073792","2009-11-0954","brgy_2_3","","","0","0","155","0","","155",""
"127","2013-03-20","0159383","2009-11-0954","brgy_2_3","","","0","0","140","7","","147",""
"128","2013-04-16","0159860","2009-11-0954","brgy_2_3","","","0","0","280","7","","287",""
"129","2013-07-29","0160937","2009-11-0954","brgy_2_3","","","0","0","170","8.5","","178.5",""
"130","2013-06-13","0337787","2009-11-0954","brgy_2_3","","","0","0","215","0","","215",""
"131","2013-07-17","0423601","2009-11-0954","brgy_2_3","","","0","0","290","0","","290",""
"132","2013-07-15","0423787","2009-11-0954","brgy_2_3","","","0","0","322","0","","322",""
"133","2013-09-02","0566702","2009-11-0954","brgy_2_3","","","0","0","290","0","","290",""
"134","2013-10-18","0568074","2009-11-0954","brgy_2_3","","","0","0","275","0","","275",""
"135","2013-11-26","0677168","2009-11-0954","brgy_2_3","","","0","0","215","10.75","","225.75",""
"136","2013-12-02","0677262","2009-11-0954","brgy_2_3","","","0","0","215","0","","215",""
"137","2014-01-10","0702176","2009-11-0954","brgy_2_3","","","0","0","230","0","","230",""
"138","2013-09-23","0567235","2013-09-1512","brgy_2_3","","","0","0","0","0","","1967.5",""
"139","2013-12-02","0677264","2013-09-1512","brgy_2_3","","","0","0","340","0","","340",""
"140","2014-01-10","0702177","2013-09-1512","brgy_2_3","","","0","0","155","0","","155",""
"141","2013-02-07","0074197","2007-03-0683","brgy_2_3","","","0","0","140","7","","147",""
"142","2013-08-23","0423221","2007-03-0683","brgy_2_3","","","0","0","140","0","","147",""
"143","2013-09-05","0423243","2007-03-0683","brgy_2_3","","","0","0","140","0","","147",""
"144","2013-07-23","0423777","2007-03-0683","brgy_2_3","","","0","0","280","0","","588",""
"145","2013-07-31","0424208","2007-03-0683","brgy_2_3","","","0","0","280","0","","588",""
"146","2013-12-02","0677265","2007-03-0683","brgy_2_3","","","0","0","280","14","","294",""
"147","2014-01-10","0702178","2007-03-0683","brgy_2_3","","","0","0","140","7","","147",""
"148","2013-11-27","0677216","2013-06-1456","brgy_2_3","","","0","0","295","7.75","","302.75",""
"149","2013-12-02","0677266","2013-06-1456","brgy_2_3","","","0","0","200","10","","210",""
"150","2014-01-10","0702179","2013-06-1456","brgy_2_3","","","0","0","155","0","","155",""
"151","2013-01-15","0073138","2006-02-0465","brgy_2_3","","","0","0","0","0","","0",""
"152","2013-02-13","0073824","2006-02-0465","brgy_2_3","","","0","0","260","0","","260",""
"153","2013-03-14","0158618","2006-02-0465","brgy_2_3","","","0","0","386","0","","386",""
"154","2013-04-11","0159917","2006-02-0465","brgy_2_3","","","0","0","322","0","","322",""
"155","2013-05-08","0160552","2006-02-0465","brgy_2_3","","","0","0","402","0","","402",""
"156","2013-06-13","0160594","2006-02-0465","brgy_2_3","","","0","0","467","0","","467",""
"157","2013-07-29","0424158","2006-02-0465","brgy_2_3","","","0","0","354","17.7","","371.7",""
"158","2013-08-13","0424187","2006-02-0465","brgy_2_3","","","0","0","402","0","","402",""
"159","2013-09-13","0425715","2006-02-0465","brgy_2_3","","","0","0","370","0","","370",""
"160","2013-10-11","0567518","2006-02-0465","brgy_2_3","","","0","0","290","0","","290",""
"161","2014-01-10","0702180","2006-02-0465","brgy_2_3","","","0","0","724","36.2","","760.2",""
"162","2013-06-21","0338010","2013-06-1458","brgy_1","","","0","0","0","0","","0",""
"163","2013-08-06","0424401","2013-06-1458","brgy_1","","","0","0","140","0","","140",""
"164","2013-09-16","0566891","2013-06-1458","brgy_1","","","0","0","140","0","","140",""
"165","2013-10-03","0567593","2013-06-1458","brgy_1","","","0","0","140","0","","140",""
"166","2013-11-05","0568559","2013-06-1458","brgy_1","","","0","0","140","0","","140",""
"167","2013-12-04","0677428","2013-06-1458","brgy_1","","","0","0","140","0","","140",""
"168","2014-01-10","0702181","2013-06-1458","brgy_1","","","0","0","280","0","","280",""
"169","2013-07-18","0423643","2013-06-1452","brgy_3","","","0","0","478","7","","485",""
"170","2013-08-15","0424744","2013-06-1452","brgy_3","","","0","0","322","0","","322",""
"171","2013-09-19","0567270","2013-06-1452","brgy_3","","","0","0","230","11.5","","241.5",""
"172","2013-11-05","0568562","2013-06-1452","brgy_3","","","0","0","550","14.5","","564.5",""
"173","2013-12-02","0677340","2013-06-1452","brgy_3","","","0","0","490","0","","490",""
"174","2014-01-10","0702182","2013-06-1452","brgy_3","","","0","0","215","0","","215",""
"175","2013-12-02","0677349","2013-12-1536","brgy_2_3","","","0","0","0","0","","1075",""
"176","2013-12-02","0677512","2013-12-1536","brgy_2_3","","","0","0","0","0","","892.5",""
"177","2014-01-13","0702183","2013-12-1536","brgy_2_3","","","0","0","140","0","","140",""
"178","2013-02-08","0074301","2011-02-1159","brgy_1","","","0","0","140","0","","140",""
"179","2013-04-03","0159525","2011-02-1159","brgy_1","","","0","0","155","7.75","","162.75",""
"180","2013-07-01","0338252","2011-02-1159","brgy_1","","","0","0","310","15.5","","325.5",""
"181","2013-08-05","0424356","2011-02-1159","brgy_1","","","0","0","295","14.75","","309.75",""
"182","2013-09-19","0567304","2011-02-1159","brgy_1","","","0","0","155","0","","155",""
"183","2013-11-25","0677129","2011-02-1159","brgy_1","","","0","0","155","7.75","","162.75",""
"184","2013-12-09","0701203","2011-02-1159","brgy_1","","","0","0","280","14","","294",""
"185","2014-01-13","0702184","2011-02-1159","brgy_1","","","0","0","295","7.75","","302.75",""
"186","2013-07-30","0424039","2006-03-0486","brgy_2_3","","","0","0","998","49.9","","1047.9",""
"187","2013-08-02","0424220","2006-03-0486","brgy_2_3","","","0","0","434","21.7","","455.7",""
"188","2013-08-22","0566545","2006-03-0486","brgy_2_3","","","0","0","450","22.5","","472.5",""
"189","2014-01-13","0702185","2006-03-0486","brgy_2_3","","","0","0","788","39.4","","827.4",""
"190","2013-05-10","0160458","2013-03-1412","brgy_5","","","0","0","569","0","","569",""
"191","2013-09-20","0566924","2013-03-1412","brgy_5","","","0","42","420","0","","462",""
"192","2013-09-20","0568130","2013-03-1412","brgy_5","","","0","0","280","0","","280",""
"193","2013-12-06","0677565","2013-03-1412","brgy_5","","","0","0","140","7","","287",""
"194","2014-01-09","0702201","2013-03-1412","brgy_5","","","0","0","140","0","","140",""
"195","2013-02-14","0158508","2004-06-0141","brgy_5","","","0","0","306","0","","306",""
"196","2013-03-07","0159085","2004-06-0141","brgy_5","","","0","0","354","0","","354",""
"197","2013-04-08","0159661","2004-06-0141","brgy_5","","","0","0","322","0","","322",""
"198","2013-05-15","0160517","2004-06-0141","brgy_5","","","0","0","338","0","","338",""
"199","2013-06-13","0337689","2004-06-0141","brgy_5","","","0","0","290","0","","290",""
"200","2013-07-11","0423398","2004-06-0141","brgy_5","","","0","0","170","0","","170",""
"201","2013-08-12","0424443","2004-06-0141","brgy_5","","","0","0","275","0","","275",""
"202","2013-10-10","0567675","2004-06-0141","brgy_5","","","0","0","245","0","","245",""
"203","2013-09-09","0567917","2004-06-0141","brgy_5","","","0","0","245","0","","245",""
"204","2013-11-11","0568483","2004-06-0141","brgy_5","","","0","0","306","0","","306",""
"205","2013-12-06","0677563","2004-06-0141","brgy_5","","","0","0","354","0","","354",""
"206","2014-01-09","0702202","2004-06-0141","brgy_5","","","0","0","306","0","","306",""
"207","2013-02-12","0074340","2004-05-0102","brgy_5","","","0","0","155","0","","155",""
"208","2013-03-08","0159087","2004-05-0102","brgy_5","","","0","0","170","0","","170",""
"209","2013-04-08","0159659","2004-05-0102","brgy_5","","","0","0","170","0","","170",""
"210","2013-05-15","0160514","2004-05-0102","brgy_5","","","0","0","260","0","","260",""
"211","2013-06-13","0337686","2004-05-0102","brgy_5","","","0","0","322","0","","322",""
"212","2013-07-11","0423397","2004-05-0102","brgy_5","","","0","0","185","0","","185",""
"213","2013-08-12","0424437","2004-05-0102","brgy_5","","","0","0","185","0","","185",""
"214","2013-10-10","0567674","2004-05-0102","brgy_5","","","0","0","170","0","","170",""
"215","2013-09-09","0567916","2004-05-0102","brgy_5","","","0","0","140","0","","140",""
"216","2013-11-11","0568482","2004-05-0102","brgy_5","","","0","0","200","0","","200",""
"217","2013-12-06","0677562","2004-05-0102","brgy_5","","","0","0","322","0","","322",""
"218","2014-01-09","0702203","2004-05-0102","brgy_5","","","0","0","140","0","","140",""
"219","2013-06-13","0337688","2010-06-1046","brgy_5","","","0","0","418","0","","418",""
"220","2013-07-11","0423399","2010-06-1046","brgy_5","","","0","0","290","0","","290",""
"221","2013-08-12","0424447","2010-06-1046","brgy_5","","","0","0","322","0","","322",""
"222","2013-10-10","0567680","2010-06-1046","brgy_5","","","0","0","275","0","","275",""
"223","2013-09-09","0567913","2010-06-1046","brgy_5","","","0","0","290","0","","290",""
"224","2013-11-06","0568399","2010-06-1046","brgy_5","","","0","0","290","0","","290",""
"225","2013-12-06","0677564","2010-06-1046","brgy_5","","","0","0","338","0","","338",""
"226","2014-01-09","0702204","2010-06-1046","brgy_5","","","0","0","386","0","","386",""
"227","2013-02-16","0158542","2005-07-0333","brgy_5","","","0","0","215","0","","215",""
"228","2013-03-20","0159503","2005-07-0333","brgy_5","","","0","0","245","0","","245",""
"229","2013-04-08","0159665","2005-07-0333","brgy_5","","","0","0","230","0","","230",""
"230","2013-06-11","0337677","2005-07-0333","brgy_5","","","0","0","215","10.75","","225.75",""
"231","2013-06-14","0337827","2005-07-0333","brgy_5","","","0","0","185","0","","185",""
"232","2013-07-12","0423420","2005-07-0333","brgy_5","","","0","0","185","0","","185",""
"233","2013-08-12","0424446","2005-07-0333","brgy_5","","","0","0","170","0","","170",""
"234","2013-10-10","0567677","2005-07-0333","brgy_5","","","0","0","140","0","","140",""
"235","2013-09-09","0567912","2005-07-0333","brgy_5","","","0","0","185","0","","185",""
"236","2013-12-09","0677588","2005-07-0333","brgy_5","","","0","0","340","10","","350",""
"237","2014-01-09","0702205","2005-07-0333","brgy_5","","","0","0","215","0","","215",""
"238","2013-07-15","0423440","2010-11-1116","brgy_3","","","0","0","338","16.9","","354.9",""
"239","2013-10-09","0567671","2010-11-1116","brgy_3","","","0","0","644","32.2","","676.2",""
"240","2014-01-09","0702206","2010-11-1116","brgy_3","","","0","0","873","43.65","","916.65",""
"241","2012-12-10","0072786","2005-02-0265","brgy_2_1","","","0","0","0","0","","0",""
"242","2012-01-03","0073279","2005-02-0265","brgy_2_1","","","0","0","637","31.85","","668.85",""
"243","3013-01-30","0074207","2005-02-0265","brgy_2_1","","","0","0","535","26.75","","561.75",""
"244","2013-02-18","0158689","2005-02-0265","brgy_2_1","","","0","0","688","0","","688",""
"245","2013-04-16","0159857","2005-02-0265","brgy_2_1","","","0","0","467","23.35","","490.35",""
"246","2013-05-08","0160280","2005-02-0265","brgy_2_1","","","0","0","170","8.5","","178.5",""
"247","2013-05-08","0160281","2005-02-0265","brgy_2_1","","","0","0","140","0","","140",""
"248","2013-07-23","0423802","2005-02-0265","brgy_2_1","","","0","0","280","14","","294",""
"249","2013-09-17","0567171","2005-02-0265","brgy_2_1","","","0","0","140","7","","147",""
"250","2013-11-18","0676978","2005-02-0265","brgy_2_1","","","0","0","140","7","","147",""
"251","2013-12-10","0701212","2005-02-0265","brgy_2_1","","","0","0","280","14","","294",""
"252","2013-12-10","0701213","2005-02-0265","brgy_2_1","","","0","0","140","0","","140",""
"253","2014-01-09","0702207","2005-02-0265","brgy_2_1","","","0","0","140","0","","140",""
"254","2013-02-12","0074329","2006-06-0585","brgy_5","","","0","0","140","0","","140",""
"255","2013-03-20","0159412","2006-06-0585","brgy_5","","","0","0","140","0","","140",""
"256","2013-04-15","0159700","2006-06-0585","brgy_5","","","0","0","140","0","","140",""
"257","2013-05-15","0160512","2006-06-0585","brgy_5","","","0","0","140","0","","140",""
"258","2013-06-19","0337983","2006-06-0585","brgy_5","","","0","0","155","0","","155",""
"259","2013-07-12","0423423","2006-06-0585","brgy_5","","","0","0","155","0","","155",""
"260","2013-08-12","0424438","2006-06-0585","brgy_5","","","0","0","215","0","","215",""
"261","2013-10-10","0567676","2006-06-0585","brgy_5","","","0","0","306","0","","306",""
"262","2013-09-09","0567918","2006-06-0585","brgy_5","","","0","0","230","0","","230",""
"263","2013-11-11","0568489","2006-06-0585","brgy_5","","","0","0","245","0","","245",""
"264","2013-12-06","0677567","2006-06-0585","brgy_5","","","0","0","215","0","","215",""
"265","2014-01-09","0702208","2006-06-0585","brgy_5","","","0","0","338","0","","338",""
"266","2013-02-14","0158501","2005-08-0343","brgy_5","","","0","0","354","0","","354",""
"267","2013-03-07","0159083","2005-08-0343","brgy_5","","","0","0","370","0","","370",""
"268","2013-04-08","0159658","2005-08-0343","brgy_5","","","0","0","322","0","","322",""
"269","2013-05-15","0160516","2005-08-0343","brgy_5","","","0","0","354","0","","354",""
"270","2013-06-13","0337687","2005-08-0343","brgy_5","","","0","0","450","0","","450",""
"271","2013-07-12","0423422","2005-08-0343","brgy_5","","","0","0","386","0","","386",""
"272","2013-08-12","0424445","2005-08-0343","brgy_5","","","0","0","290","0","","290",""
"273","2013-10-11","0567679","2005-08-0343","brgy_5","","","0","0","354","0","","354",""
"274","2013-09-09","0567915","2005-08-0343","brgy_5","","","0","0","290","0","","290",""
"275","2013-11-11","0568481","2005-08-0343","brgy_5","","","0","0","354","0","","354",""
"276","2013-12-06","0677560","2005-08-0343","brgy_5","","","0","0","370","0","","370",""
"277","2014-01-09","0702209","2005-08-0343","brgy_5","","","0","0","370","0","","370",""
"278","2013-09-04","0566724","2013-06-1450","brgy_3","","","0","0","140","0","","140",""
"279","2013-10-08","0567419","2013-06-1450","brgy_3","","","0","0","140","0","","140",""
"280","2013-12-02","0677196","2013-06-1450","brgy_3","","","0","0","140","7","","147",""
"281","2013-12-02","0677198","2013-06-1450","brgy_3","","","0","0","140","0","","140",""
"282","2014-01-09","0702210","2013-06-1450","brgy_3","","","0","0","140","0","","140",""
"283","2013-02-14","0158504","2004-09-0213","brgy_5","","","0","0","569","0","","569",""
"284","2013-03-07","0159079","2004-09-0213","brgy_5","","","0","0","467","0","","467",""
"285","2013-04-08","0159651","2004-09-0213","brgy_5","","","0","0","402","0","","402",""
"286","2013-05-15","0160519","2004-09-0213","brgy_5","","","0","0","418","0","","418",""
"287","2013-06-13","0337692","2004-09-0213","brgy_5","","","0","0","322","0","","322",""
"288","2013-07-11","0423395","2004-09-0213","brgy_5","","","0","0","467","0","","467",""
"289","2013-08-12","0424439","2004-09-0213","brgy_5","","","0","0","484","0","","484",""
"290","2013-10-10","0567684","2004-09-0213","brgy_5","","","0","0","370","0","","370",""
"291","2013-09-09","0567908","2004-09-0213","brgy_5","","","0","0","306","0","","306",""
"292","2013-11-11","0568485","2004-09-0213","brgy_5","","","0","0","306","0","","306",""
"293","2013-12-06","0677556","2004-09-0213","brgy_5","","","0","0","418","0","","418",""
"294","2014-01-09","0702211","2004-09-0213","brgy_5","","","0","0","501","0","","501",""
"295","2013-02-14","0158503","2006-07-0623","brgy_5","","","0","0","170","0","","170",""
"296","2013-03-07","0159080","2006-07-0623","brgy_5","","","0","0","170","0","","170",""
"297","2013-04-08","0159652","2006-07-0623","brgy_5","","","0","0","140","0","","140",""
"298","2013-05-15","0160520","2006-07-0623","brgy_5","","","0","0","306","0","","306",""
"299","2013-06-13","0337693","2006-07-0623","brgy_5","","","0","0","170","0","","170",""
"300","2013-07-11","0423393","2006-07-0623","brgy_5","","","0","0","245","0","","245",""
"301","2013-08-12","0424440","2006-07-0623","brgy_5","","","0","0","230","0","","230",""
"302","2013-10-10","0567685","2006-07-0623","brgy_5","","","0","0","140","0","","140",""
"303","2013-09-09","0567909","2006-07-0623","brgy_5","","","0","0","140","0","","140",""
"304","2013-11-11","0568486","2006-07-0623","brgy_5","","","0","0","140","0","","140",""
"305","2013-12-06","0677557","2006-07-0623","brgy_5","","","0","0","140","0","","140",""
"306","2014-01-09","0702212","2006-07-0623","brgy_5","","","0","0","155","0","","155",""
"307","2013-02-14","0158506","2007-04-0695","brgy_5","","","0","0","140","0","","140",""
"308","2013-03-07","0159081","2007-04-0695","brgy_5","","","0","0","140","0","","140",""
"309","2013-04-08","0159653","2007-04-0695","brgy_5","","","0","0","140","0","","140",""
"310","2013-05-15","0160521","2007-04-0695","brgy_5","","","0","0","140","0","","140",""
"311","2013-06-13","0337691","2007-04-0695","brgy_5","","","0","0","140","0","","140",""
"312","2013-07-11","0423396","2007-04-0695","brgy_5","","","0","0","140","0","","140",""
"313","2013-08-12","0424441","2007-04-0695","brgy_5","","","0","0","230","0","","230",""
"314","2013-10-10","0567686","2007-04-0695","brgy_5","","","0","0","140","0","","140",""
"315","2013-09-09","0567910","2007-04-0695","brgy_5","","","0","0","140","0","","140",""
"316","2013-11-11","0568487","2007-04-0695","brgy_5","","","0","0","185","0","","185",""
"317","2013-12-06","0677558","2007-04-0695","brgy_5","","","0","0","170","0","","170",""
"318","2014-01-09","0702213","2007-04-0695","brgy_5","","","0","0","215","0","","215",""
"319","2013-02-14","0158505","2011-02-1160","brgy_5","","","0","0","140","0","","140",""
"320","2013-03-07","0159082","2011-02-1160","brgy_5","","","0","0","140","0","","140",""
"321","2013-04-08","0159654","2011-02-1160","brgy_5","","","0","0","140","0","","140",""
"322","2013-05-15","0160522","2011-02-1160","brgy_5","","","0","0","140","0","","140",""
"323","2013-06-13","0337690","2011-02-1160","brgy_5","","","0","0","140","0","","140",""
"324","2013-07-11","0423394","2011-02-1160","brgy_5","","","0","0","140","0","","140",""
"325","2013-08-12","0424442","2011-02-1160","brgy_5","","","0","0","140","0","","140",""
"326","2013-10-10","0567687","2011-02-1160","brgy_5","","","0","0","140","0","","140",""
"327","2013-09-09","0567911","2011-02-1160","brgy_5","","","0","0","140","0","","140",""
"328","2013-11-11","0568488","2011-02-1160","brgy_5","","","0","0","140","0","","140",""
"329","2013-12-06","0677559","2011-02-1160","brgy_5","","","0","0","0","0","","0",""
"330","2014-01-09","0702214","2011-02-1160","brgy_5","","","0","0","140","0","","140",""
"331","2013-02-12","0074328","2011-09-1228","brgy_5","","","0","0","155","0","","155",""
"332","2013-03-07","0159084","2011-09-1228","brgy_5","","","0","0","170","0","","170",""
"333","2013-04-08","0159657","2011-09-1228","brgy_5","","","0","0","170","0","","170",""
"334","2013-05-15","0160515","2011-09-1228","brgy_5","","","0","0","155","0","","155",""
"335","2013-06-13","0337685","2011-09-1228","brgy_5","","","0","0","260","0","","260",""
"336","2013-07-12","0423421","2011-09-1228","brgy_5","","","0","0","140","0","","140",""
"337","2013-08-12","0424444","2011-09-1228","brgy_5","","","0","0","140","0","","140",""
"338","2013-10-10","0567678","2011-09-1228","brgy_5","","","0","0","290","0","","290",""
"339","2013-09-09","0567914","2011-09-1228","brgy_5","","","0","0","170","0","","170",""
"340","2013-11-11","0568484","2011-09-1228","brgy_5","","","0","0","434","0","","434",""
"341","2013-12-06","0677561","2011-09-1228","brgy_5","","","0","0","450","0","","450",""
"342","2014-01-09","0702215","2011-09-1228","brgy_5","","","0","0","370","0","","370",""
"343","2013-03-08","0159043","2008-06-0839","brgy_3","","","0","0","140","0","","140",""
"344","2013-04-10","0159790","2008-06-0839","brgy_3","","","0","0","140","0","","140",""
"345","2013-06-07","0337618","2008-06-0839","brgy_3","","","0","0","155","0","","155",""
"346","2013-06-13","0337694","2008-06-0839","brgy_3","","","0","0","155","0","","155",""
"347","2013-07-09","0338241","2008-06-0839","brgy_3","","","0","0","185","0","","185",""
"348","2013-02-08","0374279","2008-06-0839","brgy_3","","","0","0","140","0","","140",""
"349","2013-08-23","0566475","2008-06-0839","brgy_3","","","0","0","155","7.75","","162.75",""
"350","2013-09-04","0566720","2008-06-0839","brgy_3","","","0","0","170","0","","170",""
"351","2013-10-08","0567429","2008-06-0839","brgy_3","","","0","0","140","0","","140",""
"352","2013-11-22","0677121","2008-06-0839","brgy_3","","","0","0","140","7","","147",""
"353","2013-12-03","0677300","2008-06-0839","brgy_3","","","0","0","140","0","","140",""
"354","2014-01-09","0702216","2008-06-0839","brgy_3","","","0","0","140","0","","140",""
"355","2013-03-21","0159463","2007-01-0675","brgy_5","","","0","0","140","0","","140",""
"356","2013-05-16","0160533","2007-01-0675","brgy_5","","","0","0","370","8.5","","378.5",""
"357","2013-06-24","0338015","2007-01-0675","brgy_5","","","0","0","230","11.5","","241.5",""
"358","2013-07-08","0423354","2007-01-0675","brgy_5","","","0","0","170","0","","170",""
"359","2013-09-12","0567073","2007-01-0675","brgy_5","","","0","0","340","8.5","","348.5",""
"360","2013-10-16","0568028","2007-01-0675","brgy_5","","","0","0","140","0","","140",""
"361","2013-12-17","0701405","2007-01-0675","brgy_5","","","0","0","385","10","","395",""
"362","2014-01-09","0702217","2007-01-0675","brgy_5","","","0","0","170","0","","170",""
"363","2013-10-04","0567616","2013-08-1493","brgy_4_2","","","0","0","170","0","","170",""
"364","2013-11-27","0677224","2013-08-1493","brgy_4_2","","","0","0","155","7.75","","162.75",""
"365","2013-12-11","0701311","2013-08-1493","brgy_4_2","","","0","0","280","0","","280",""
"366","2014-01-09","0702218","2013-08-1493","brgy_4_2","","","0","0","155","0","","155",""
"367","2013-03-05","0158434","2007-04-0698","brgy_5","","","0","0","140","7","","147",""
"368","2013-04-04","0159637","2007-04-0698","brgy_5","","","0","0","140","7","","147",""
"369","2013-05-03","0160039","2007-04-0698","brgy_5","","","0","0","140","7","","147",""
"370","2013-06-06","0160979","2007-04-0698","brgy_5","","","0","0","140","7","","147",""
"371","2013-08-07","0424474","2007-04-0698","brgy_5","","","0","0","310","15.5","","325.5",""
"372","2013-08-20","0566385","2007-04-0698","brgy_5","","","0","0","215","0","","215",""
"373","2013-09-24","0567861","2007-04-0698","brgy_5","","","0","0","170","8.5","","178.5",""
"374","2013-11-05","0568369","2007-04-0698","brgy_5","","","0","0","140","7","","147",""
"375","2013-12-05","0677604","2007-04-0698","brgy_5","","","0","0","385","11.5","","396.5",""
"376","2014-01-09","0702219","2007-04-0698","brgy_5","","","0","0","185","0","","185",""
"377","2013-04-08","0159542","2008-07-0834","brgy_5","","","0","0","560","28","","588",""
"378","2013-04-08","0423289","2008-07-0834","brgy_5","","","0","0","325","16.25","","341.25",""
"379","2013-09-09","0567863","2008-07-0834","brgy_5","","","0","0","280","7","","287",""
"380","2013-12-20","0701698","2008-07-0834","brgy_5","","","0","0","420","14","","434",""
"381","2014-01-09","0702220","2008-07-0834","brgy_5","","","0","0","140","0","","140",""
"382","2013-02-01","0074122","2004-09-0215","brgy_3","","","0","0","756","0","","756",""
"383","2013-03-07","0159101","2004-09-0215","brgy_3","","","0","0","841","0","","841",""
"384","2013-04-05","0159728","2004-09-0215","brgy_3","","","0","0","807","0","","807",""
"385","2013-05-06","0160307","2004-09-0215","brgy_3","","","0","0","1266","0","","1266",""
"386","2013-06-03","0337552","2004-09-0215","brgy_3","","","0","0","1062","0","","1062",""
"387","2013-07-09","0338240","2004-09-0215","brgy_3","","","0","0","1028","0","","1028",""
"388","2013-09-02","0423237","2004-09-0215","brgy_3","","","0","0","1028","0","","1028",""
"389","2013-08-05","0424321","2004-09-0215","brgy_3","","","0","0","790","0","","790",""
"390","2013-10-08","0567417","2004-09-0215","brgy_3","","","0","0","994","0","","994",""
"391","2013-11-06","0568389","2004-09-0215","brgy_3","","","0","0","960","0","","960",""
"392","2013-12-02","0677180","2004-09-0215","brgy_3","","","0","0","1096","0","","1096",""
"393","2014-01-09","0702221","2004-09-0215","brgy_3","","","0","0","1079","0","","1079",""
"394","2013-06-24","0337935","2013-06-1460","brgy_3","","","0","0","0","0","","0",""
"395","2013-08-05","0424333","2013-06-1460","brgy_3","","","0","0","140","0","","140",""
"396","2013-09-05","0566733","2013-06-1460","brgy_3","","","0","0","140","0","","140",""
"397","2013-10-08","0567443","2013-06-1460","brgy_3","","","0","0","140","0","","140",""
"398","2013-11-06","0568390","2013-06-1460","brgy_3","","","0","0","140","0","","140",""
"399","2013-12-02","0677193","2013-06-1460","brgy_3","","","0","0","140","0","","140",""
"400","2014-01-09","0702222","2013-06-1460","brgy_3","","","0","0","140","0","","140",""
"401","2013-09-11","0567008","2006-11-0664","brgy_5","","","0","0","140","7","","147",""
"402","2013-11-11","0568479","2006-11-0664","brgy_5","","","0","0","140","7","","147",""
"403","2013-11-11","0568494","2006-11-0664","brgy_5","","","0","0","140","7","","147",""
"404","2014-01-09","0702223","2006-11-0664","brgy_5","","","0","0","140","7","","147",""
"405","2013-09-13","0507107","2009-08-0938","brgy_5","","","0","0","688","34.4","","722.4",""
"406","2013-09-13","0567110","2009-08-0938","brgy_5","","","0","0","552","27.6","","579.6",""
"407","2013-10-07","0567641","2009-08-0938","brgy_5","","","0","0","386","19.3","","405.3",""
"408","2013-11-11","0568468","2009-08-0938","brgy_5","","","0","0","552","27.6","","579.6",""
"409","2014-01-09","0702224","2009-08-0938","brgy_5","","","0","0","450","22.5","","472.5",""
"410","2013-07-31","0424302 	","2012-10-1337","brgy_2_2","","","0","0","140","7","","147",""
"411","2013-07-31","0424302","2012-10-1337","brgy_2_2","","","0","0","140","7","","147",""
"412","2013-11-28","0677088","2012-10-1337","brgy_2_2","","","0","0","450","22.5","","472.5",""
"413","2014-01-09","0702225","2012-10-1337","brgy_2_2","","","0","0","280","14","","294",""
"414","2013-07-13","0338186","2013-02-1399","brgy_2_2","","","666.7","0","400","20","","1086.7",""
"415","2013-07-23","0423819","2013-02-1399","brgy_2_2","","","333.35","0","325","16.25","","674.6",""
"416","2013-10-14","0568018","2013-02-1399","brgy_2_2","","","0","0","306","15.3","","321.3",""
"417","2013-12-02","0677275","2013-02-1399","brgy_2_2","","","0","0","275","13.75","","288.75",""
"418","2014-01-09","0702226","2013-02-1399","brgy_2_2","","","0","0","445","22.25","","467.25",""
"419","2013-10-11","0567696","2007-12-0787","brgy_2_2","","","0","500","995","49.75","","1544.75",""
"420","2013-11-25","0677139","2007-12-0787","brgy_2_2","","","0","0","338","16.9","","354.9",""
"421","2014-01-09","0702227","2007-12-0787","brgy_2_2","","","0","0","505","25.25","","530.25",""
"422","2013-02-22","0158583","2007-11-0772","brgy_2_2","","","0","0","140","7","","147",""
"423","2013-04-16","0160065","2007-11-0772","brgy_2_2","","","0","0","140","7","","147",""
"424","2013-07-08","0423297","2007-11-0772","brgy_2_2","","","0","0","280","14","","294",""
"425","2013-07-23","0423810","2007-11-0772","brgy_2_2","","","0","0","280","14","","294",""
"426","2013-10-14","0568019","2007-11-0772","brgy_2_2","","","0","0","280","14","","294",""
"427","2013-12-02","0677274","2007-11-0772","brgy_2_2","","","0","0","340","17","","357",""
"428","2014-01-09","0702228","2007-11-0772","brgy_2_2","","","0","0","140","7","","147",""
"429","2013-02-08","0074277","2011-05-1203","brgy_3","","","0","0","140","0","","140",""
"430","2013-03-08","0159041","2011-05-1203","brgy_3","","","0","0","140","0","","140",""
"431","2013-04-08","0159769","2011-05-1203","brgy_3","","","0","0","140","0","","140",""
"432","2013-05-08","0160439","2011-05-1203","brgy_3","","","0","0","140","0","","140",""
"433","2013-06-07","0337611","2011-05-1203","brgy_3","","","0","0","140","0","","140",""
"434","2013-07-09","0338243","2011-05-1203","brgy_3","","","0","0","140","0","","140",""
"435","2013-10-08","0567427","2011-05-1203","brgy_3","","","0","0","420","14","","434",""
"436","2013-11-06","0568394","2011-05-1203","brgy_3","","","0","0","140","0","","140",""
"437","2013-12-02","0677182","2011-05-1203","brgy_3","","","0","0","140","0","","140",""
"438","2014-01-09","0702229","2011-05-1203","brgy_3","","","0","0","140","0","","140",""
"439","2013-03-18","0159369","2010-07-1051","brgy_2_1","","","0","0","415","10.75","","425.75",""
"440","2013-05-03","0160320","2010-07-1051","brgy_2_1","","","0","0","170","8.5","","178.5",""
"441","2013-05-17","0160747","2010-07-1051","brgy_2_1","","","0","0","215","0","","215",""
"442","2013-07-29","0423982","2010-07-1051","brgy_2_1","","","0","0","490","24.5","","514.5",""
"443","2013-08-30","0566653","2010-07-1051","brgy_2_1","","","0","0","230","11.5","","241.5",""
"444","2013-09-27","0567451","2010-07-1051","brgy_2_1","","","0","0","245","12.25","","257.25",""
"445","2013-11-15","0676767","2010-07-1051","brgy_2_1","","","0","0","430","11.5","","441.5",""
"446","2014-01-09","0702230","2010-07-1051","brgy_2_1","","","0","0","415","11.5","","426.5",""
"447","2013-02-11","0074415","2005-07-0332","brgy_3","","","0","0","140","0","","140",""
"448","2013-03-07","0159067","2005-07-0332","brgy_3","","","0","0","155","0","","155",""
"449","2013-05-27","0160921","2005-07-0332","brgy_3","","","0","0","295","14.75","","309.75",""
"450","2013-06-07","0337617","2005-07-0332","brgy_3","","","0","0","170","0","","170",""
"451","2013-07-10","0423368","2005-07-0332","brgy_3","","","0","0","200","0","","200",""
"452","2013-08-06","0424247","2005-07-0332","brgy_3","","","0","0","140","0","","140",""
"453","2013-09-06","0566738","2005-07-0332","brgy_3","","","0","0","140","0","","140",""
"454","2013-10-09","0567446","2005-07-0332","brgy_3","","","0","0","140","0","","140",""
"455","2013-12-03","0677388","2005-07-0332","brgy_3","","","0","0","280","7","","287",""
"456","2014-01-09","0702231","2005-07-0332","brgy_3","","","0","0","140","0","","140",""
"457","2013-02-12","0074408","2004-06-0173","brgy_3","","","0","0","386","0","","386",""
"458","2013-03-12","0159205","2004-06-0173","brgy_3","","","0","0","434","0","","434",""
"459","2013-04-10","0159788","2004-06-0173","brgy_3","","","0","0","402","0","","402",""
"460","2013-05-10","0160452","2004-06-0173","brgy_3","","","0","0","467","0","","467",""
"461","2013-06-07","0337609","2004-06-0173","brgy_3","","","0","0","450","0","","450",""
"462","2013-07-10","0423375","2004-06-0173","brgy_3","","","0","0","484","0","","484",""
"463","2013-08-05","0424098","2004-06-0173","brgy_3","","","0","0","501","0","","501",""
"464","2013-09-04","0566717","2004-06-0173","brgy_3","","","0","0","418","0","","418",""
"465","2013-10-08","0567438","2004-06-0173","brgy_3","","","0","0","418","0","","418",""
"466","2013-11-06","0568400","2004-06-0173","brgy_3","","","0","0","402","0","","402",""
"467","2013-12-02","0677197","2004-06-0173","brgy_3","","","0","0","402","0","","402",""
"468","2014-01-09","0702232","2004-06-0173","brgy_3","","","0","0","386","0","","386",""
"469","2013-10-08","0567413","2013-05-1448","brgy_3","","","0","0","140","0","","140",""
"470","2013-10-04","0567606","2013-05-1448","brgy_3","","","0","0","140","7","","147",""
"471","2013-12-02","0677199","2013-05-1448","brgy_3","","","0","0","140","7","","147",""
"472","2013-12-02","0677200","2013-05-1448","brgy_3","","","0","0","140","0","","140",""
"473","2014-01-09","0702233","2013-05-1448","brgy_3","","","0","0","140","0","","140",""
"474","2014-01-10","0702234","2011-05-1201","brgy_3","","","0","0","230","11.5","","241.5",""
"475","2013-12-03","0677378","2011-05-1195","brgy_3","","","0","0","556","27.8","","583.8",""
"476","2014-01-10","0702235","2011-05-1195","brgy_3","","","0","0","275","13.75","","288.75",""
"477","2013-08-05","0424095","2009-11-0956","brgy_3","","","0","0","402","20.1","","422.1",""
"478","2013-09-04","0566706","2009-11-0956","brgy_3","","","0","0","386","19.3","","405.3",""
"479","2013-10-16","0568035","2009-11-0956","brgy_3","","","0","0","354","17.7","","371.7",""
"480","2013-11-26","0677202","2009-11-0956","brgy_3","","","0","0","692","17.7","","709.7",""
"481","2013-12-02","0677295","2009-11-0956","brgy_3","","","0","0","370","0","","370",""
"482","2014-01-10","0702236","2009-11-0956","brgy_3","","","0","0","370","0","","370",""
"483","2013-02-20","0158659","2006-01-1458","brgy_1","","","0","0","140","7","","147",""
"484","2013-03-19","0159345","2006-01-1458","brgy_1","","","0","0","140","0","","140",""
"485","2013-04-25","0160218","2006-01-1458","brgy_1","","","0","0","140","7","","147",""
"486","2013-06-03","0337558","2006-01-1458","brgy_1","","","0","0","140","7","","147",""
"487","2013-07-04","0423259","2006-01-1458","brgy_1","","","0","0","140","7","","147",""
"488","2013-07-22","0423760","2006-01-1458","brgy_1","","","0","0","140","7","","147",""
"489","2013-08-27","0556435","2006-01-1458","brgy_1","","","0","0","140","7","","147",""
"490","2013-10-14","0567972","2006-01-1458","brgy_1","","","0","0","280","7","","287",""
"491","2013-11-25","0677163","2006-01-1458","brgy_1","","","0","0","140","7","","147",""
"492","2013-12-23","0701736","2006-01-1458","brgy_1","","","0","0","140","7","","147",""
"493","2014-01-10","0702237","2006-01-1458","brgy_1","","","0","0","140","0","","140",""
"494","2013-07-02","0338178 	","2005-10-0426","brgy_2_2","","","0","0","140","7","","147",""
"495","2013-07-02","0338178","2005-10-0426","brgy_2_2","","","0","0","540","27","","567",""
"496","2013-09-04","0566817","2005-10-0426","brgy_2_2","","","0","0","822","41.1","","863.1",""
"497","2014-01-10","0702238","2005-10-0426","brgy_2_2","","","0","0","420","21","","441",""
"498","2013-06-11","0337772","2005-10-0424","brgy_2_2","","","0","0","275","13.75","","288.75",""
"499","2013-08-08","0424494","2005-10-0424","brgy_2_2","","","0","0","450","22.5","","472.5",""
"500","2013-08-23","0566512","2005-10-0424","brgy_2_2","","","0","0","155","7.75","","162.75",""
"501","2013-09-16","0567132","2005-10-0424","brgy_2_2","","","0","0","140","7","","147",""
"502","2013-11-12","0568619","2005-10-0424","brgy_2_2","","","0","0","155","7.75","","162.75",""
"503","2013-12-02","0677283","2005-10-0424","brgy_2_2","","","0","0","140","7","","147",""
"504","2014-01-10","0702239","2005-10-0424","brgy_2_2","","","0","0","295","14.75","","309.75",""
"505","2013-03-07","0159072","2005-10-0413","brgy_2_2","","","0","0","445","12.25","","457.25",""
"506","2013-04-12","0159818","2005-10-0413","brgy_2_2","","","0","0","200","0","","200",""
"507","2013-05-27","0160922","2005-10-0413","brgy_2_2","","","0","0","402","20.1","","422.1",""
"508","2013-08-13","0424524","2005-10-0413","brgy_2_2","","","0","0","434","21.7","","455.7",""
"509","2013-10-21","0568173","2005-10-0413","brgy_2_2","","","0","0","796","39.8","","835.8",""
"510","2013-12-05","0677606","2005-10-0413","brgy_2_2","","","0","0","520","26","","546",""
"511","2014-01-10","0702240","2005-10-0413","brgy_2_2","","","0","0","275","13.75","","288.75",""
"512","2013-02-22","0156582","2005-10-0412","brgy_2_2","","","0","0","306","15.3","","321.3",""
"513","2013-07-23","0423815","2005-10-0412","brgy_2_2","","","0","0","1429","71.45","","1500.45",""
"514","2013-10-14","0568015","2005-10-0412","brgy_2_2","","","0","0","386","19.3","","405.3",""
"515","2013-12-02","0677195","2005-10-0412","brgy_2_2","","","0","0","354","17.7","","371.7",""
"516","2013-12-02","0677272","2005-10-0412","brgy_2_2","","","0","0","724","36.2","","760.2",""
"517","2014-01-10","0702241","2005-10-0412","brgy_2_2","","","0","0","418","20.9","","438.9",""
"518","2013-06-18","0337963","2005-10-0410","brgy_2_2","","","0","0","965","48.25","","1013.25",""
"519","2013-08-23","0566514","2005-10-0410","brgy_2_2","","","0","0","230","11.5","","241.5",""
"520","2013-10-14","0568014","2005-10-0410","brgy_2_2","","","0","0","520","26","","546",""
"521","2014-01-10","0702242","2005-10-0410","brgy_2_2","","","0","0","810","40.5","","850.5",""
"522","2013-02-18","0158652","2012-05-1293","brgy_2_2","","","0","0","140","0","","140",""
"523","2013-05-08","0160414","2012-05-1293","brgy_2_2","","","0","0","435","21.75","","456.75",""
"524","2013-07-24","0423836","2012-05-1293","brgy_2_2","","","0","0","280","7","","287",""
"525","2013-14-10","0568011","2012-05-1293","brgy_2_2","","","0","0","280","14","","294",""
"526","2013-12-02","0677279","2012-05-1293","brgy_2_2","","","0","0","140","7","","147",""
"527","2014-01-10","0702243","2012-05-1293","brgy_2_2","","","0","0","280","14","","294",""
"528","2013-03-11","0159098","2012-08-1324","brgy_2_2","","","0","0","0","0","","0",""
"529","2013-05-15","0160658","2012-08-1324","brgy_2_2","","","0","0","280","14","","294",""
"530","2013-07-24","0423827","2012-08-1324","brgy_2_2","","","0","0","310","15.5","","325.5",""
"531","2013-08-14","0424731","2012-08-1324","brgy_2_2","","","0","0","140","7","","147",""
"532","2013-10-01","0567553","2012-08-1324","brgy_2_2","","","0","0","140","7","","147",""
"533","2013-10-14","0568010","2012-08-1324","brgy_2_2","","","0","0","140","7","","147",""
"534","2013-11-29","0677065","2012-08-1324","brgy_2_2","","","0","0","295","14.75","","309.75",""
"535","2014-01-10","0702244","2012-08-1324","brgy_2_2","","","0","0","140","7","","147",""
"536","2013-07-03","0338284 	","2005-10-0407","brgy_2_2","","","0","0","275","13.75","","228.75",""
"537","2013-07-03","0338284","2005-10-0407","brgy_2_2","","","0","0","918","45.9","","963.9",""
"538","2013-08-23","0566516","2005-10-0407","brgy_2_2","","","0","0","1078","35.4","","1113.4",""
"539","2013-10-14","0568006","2005-10-0407","brgy_2_2","","","0","0","902","20.9","","922.9",""
"540","2014-01-10","0702245","2005-10-0407","brgy_2_2","","","0","0","566","28.3","","594.3",""
"541","2013-02-18","0158539","2011-01-1139","brgy_2_2","","","0","0","140","0","","140",""
"542","2013-07-24","0423829 	","2011-01-1139","brgy_2_2","","","0","0","140","7","","147",""
"543","2013-07-24","0423829","2011-01-1139","brgy_2_2","","","0","0","140","7","","147",""
"544","2013-08-06","0424238","2011-01-1139","brgy_2_2","","","0","0","140","7","","147",""
"545","2013-10-14","0568003","2011-01-1139","brgy_2_2","","","0","0","140","7","","147",""
"546","2013-10-14","0568007","2011-01-1139","brgy_2_2","","","0","0","280","14","","294",""
"547","2013-12-02","0677277","2011-01-1139","brgy_2_2","","","0","0","140","7","","147",""
"548","2014-01-10","0702246","2011-01-1139","brgy_2_2","","","0","0","280","14","","294",""
"549","2013-08-23","0243835","2005-10-0418","brgy_2_2","","","0","0","140","7","","147",""
"550","2013-08-23","0566511","2005-10-0418","brgy_2_2","","","0","0","295","14.75","","309.75",""
"551","2013-11-21","0677110","2005-10-0418","brgy_2_2","","","0","0","355","17.75","","372.75",""
"552","2013-11-21","0677112","2005-10-0418","brgy_2_2","","","0","0","355","17.75","","372.75",""
"553","2013-12-02","0677270","2005-10-0418","brgy_2_2","","","0","0","415","20.75","","435.75",""
"554","2014-01-10","0702247","2005-10-0418","brgy_2_2","","","0","0","200","10","","210",""
"555","2013-08-15","0024738","2005-10-0423","brgy_2_2","","","0","0","140","0","","140",""
"556","2013-01-22","0074027","2005-10-0423","brgy_2_2","","","0","0","140","15.5","","155.5",""
"557","2013-03-05","0158743","2005-10-0423","brgy_2_2","","","0","0","310","15.5","","325.5",""
"558","2013-07-24","0423826","2005-10-0423","brgy_2_2","","","0","0","480","24","","504",""
"559","2013-08-06","0424250","2005-10-0423","brgy_2_2","","","0","0","355","17.75","","372.75",""
"560","2013-12-02","0677278","2005-10-0423","brgy_2_2","","","0","0","280","14","","294",""
"561","2014-01-10","0702248","2005-10-0423","brgy_2_2","","","0","0","295","14.75","","309.75",""
"562","2013-04-19","0160099","2005-10-0402","brgy_2_2","","","0","0","322","16.1","","338.1",""
"563","2013-06-13","0337788 	","2005-10-0402","brgy_2_2","","","0","0","140","7","","147",""
"564","2013-06-13","0337788","2005-10-0402","brgy_2_2","","","0","0","325","16.25","","341.25",""
"565","2013-08-23","0566515","2005-10-0402","brgy_2_2","","","0","0","245","12.25","","257.25",""
"566","2013-10-14","0568012","2005-10-0402","brgy_2_2","","","0","0","475","23.75","","498.75",""
"567","2013-12-02","0677280","2005-10-0402","brgy_2_2","","","0","0","340","17","","357",""
"568","2014-01-10","0702249","2005-10-0402","brgy_2_2","","","0","0","170","8.5","","178.5",""
"569","2013-07-03","0338185","2005-10-0405","brgy_2_2","","","0","0","783","39.15","","822.15",""
"570","2013-07-23","0423813 	","2005-10-0405","brgy_2_2","","","0","0","290","14.5","","304.5",""
"571","2013-07-23","0423813","2005-10-0405","brgy_2_2","","","0","0","338","16.9","","354.9",""
"572","2013-10-14","0568013","2005-10-0405","brgy_2_2","","","0","0","840","42","","882",""
"573","2014-01-10","0702250","2005-10-0405","brgy_2_2","","","0","0","445","22.25","","467.25",""
"574","2013-08-05","0424359","2005-09-0352","brgy_3","","","0","0","170","8.5","","178.5",""
"575","2013-09-02","0566682","2005-09-0352","brgy_3","","","0","0","155","7.75","","162.75",""
"576","2013-10-09","0567735","2005-09-0352","brgy_3","","","0","0","140","7","","147",""
"577","2013-11-06","0568582","2005-09-0352","brgy_3","","","0","0","140","7","","147",""
"578","2013-11-29","0677179","2005-09-0352","brgy_3","","","0","0","140","7","","147",""
"579","2014-01-09","0702251","2005-09-0352","brgy_3","","","0","0","140","7","","147",""
"580","2013-07-02","0338274","2007-04-0097","brgy_3","","","0","0","170","8.5","","178.5",""
"581","2013-07-24","0423781","2007-04-0097","brgy_3","","","0","0","280","14","","294",""
"582","2013-08-06","0424245","2007-04-0097","brgy_3","","","0","0","322","16.1","","338.1",""
"583","2013-08-28","0566601","2007-04-0097","brgy_3","","","0","0","460","23","","483",""
"584","2013-09-18","0567200","2007-04-0097","brgy_3","","","0","0","370","10","","380",""
"585","2013-12-03","0677385","2007-04-0097","brgy_3","","","0","0","170","8.5","","178.5",""
"586","2014-01-09","0702252","2007-04-0097","brgy_3","","","0","0","185","9.25","","194.25",""
"587","2013-10-08","0567441","2009-04-0915","brgy_3","","","0","0","676","33.8","","709.8",""
"588","2013-12-03","0677383","2009-04-0915","brgy_3","","","0","0","644","32.2","","676.2",""
"589","2014-01-09","0702253","2009-04-0915","brgy_3","","","0","0","708","35.4","","743.4",""
"590","2013-04-15","0159850","2012-06-1304","brgy_3","","","0","0","280","14","","294",""
"591","2013-07-24","0423873","2012-06-1304","brgy_3","","","0","0","280","14","","294",""
"592","2013-08-27","0566442","2012-06-1304","brgy_3","","","0","0","155","7.75","","162.75",""
"593","2013-10-16","0568024","2012-06-1304","brgy_3","","","0","0","494","24.7","","518.7",""
"594","2013-12-17","0701386","2012-06-1304","brgy_3","","","0","0","295","14.75","","309.75",""
"595","2014-01-09","0702255","2012-06-1304","brgy_3","","","0","0","140","7","","147",""
"596","2013-05-30","0160869","2011-04-1174","brgy_3","","","0","0","310","15.5","","325.5",""
"597","2013-06-26","0337950","2011-04-1174","brgy_3","","","0","0","140","7","","147",""
"598","2013-07-22","0423751","2011-04-1174","brgy_3","","","0","0","170","8.5","","178.5",""
"599","2013-08-20","0566373","2011-04-1174","brgy_3","","","0","0","200","10","","210",""
"600","2013-10-08","0567655","2011-04-1174","brgy_3","","","0","0","280","14","","294",""
"601","2013-10-14","0568005","2011-04-1174","brgy_3","","","0","0","215","10.75","","225.75",""
"602","2013-12-03","0677390","2011-04-1174","brgy_3","","","0","0","310","15.5","","325.5",""
"603","2014-01-09","0702256","2011-04-1174","brgy_3","","","0","0","185","9.25","","194.25",""
"604","2013-09-10","0567801","2009-08-0935","brgy_3","","","0","0","230","11.5","","241.5",""
"605","2013-10-16","0568037","2009-08-0935","brgy_3","","","0","0","200","10","","210",""
"606","2013-12-05","0677449","2009-08-0935","brgy_3","","","0","0","185","9.25","","194.25",""
"607","2013-12-12","0701255","2009-08-0935","brgy_3","","","0","0","400","20","","420",""
"608","2014-01-09","0702257","2009-08-0935","brgy_3","","","0","0","200","10","","210",""
"609","2013-09-04","0566726","2004-09-0223","brgy_3","","","0","0","535","26.75","","561.75",""
"610","2013-10-08","0567440","2004-09-0223","brgy_3","","","0","0","418","20.9","","438.9",""
"611","2013-12-03","0677380","2004-09-0223","brgy_3","","","0","0","985","49.25","","1034.25",""
"612","2014-01-09","0702259","2004-09-0223","brgy_3","","","0","0","484","24.2","","508.2",""
"613","2013-08-05","0424097","2004-09-0229","brgy_3","","","0","0","505","25.25","","530.25",""
"614","2013-10-16","0568022","2004-09-0229","brgy_3","","","0","0","275","13.75","","288.75",""
"615","2013-12-03","0677298","2004-09-0229","brgy_3","","","0","0","275","13.75","","288.75",""
"616","2014-01-09","0702260","2004-09-0229","brgy_3","","","0","0","535","26.75","","561.75",""
"617","2013-08-29","0566641","2004-05-0072","brgy_3","","","0","0","654","32.7","","686.7",""
"618","2013-09-04","0566712","2004-05-0072","brgy_3","","","0","0","620","31","","651",""
"619","2013-10-08","0567430","2004-05-0072","brgy_3","","","0","0","518","25.9","","543.9",""
"620","2013-12-03","0677488","2004-05-0072","brgy_3","","","0","0","450","22.5","","472.5",""
"621","2014-01-09","0702261","2004-05-0072","brgy_3","","","0","0","467","23.35","","490.35",""
"622","2013-03-13","0159351","2008-07-0845","brgy_3","","","0","0","943","47.15","","990.15",""
"623","2013-05-08","0160422","2008-07-0845","brgy_3","","","0","0","2345","117.25","","2462.25",""
"624","2013-07-11","0423387","2008-07-0845","brgy_3","","","0","0","3552","177.6","","3729.6",""
"625","2013-09-18","0567202","2008-07-0845","brgy_3","","","0","0","2065","103.25","","2168.25",""
"626","2013-10-14","0568002","2008-07-0845","brgy_3","","","0","0","1470","73.5","","1543.5",""
"627","2013-12-04","0677397","2008-07-0845","brgy_3","","","0","0","3144","157.2","","3301.2",""
"628","2014-01-09","0702262","2008-07-0845","brgy_3","","","0","0","4427","146.15","","4573.15",""
"629","2013-07-10","0423380","2008-11-0876","brgy_3","","","0","0","200","10","","210",""
"630","2013-07-25","0423844","2008-11-0876","brgy_3","","","0","0","325","16.25","","341.25",""
"631","2013-08-05","0424092","2008-11-0876","brgy_3","","","0","0","200","10","","210",""
"632","2013-09-12","0567027","2008-11-0876","brgy_3","","","0","0","230","11.5","","241.5",""
"633","2013-10-16","0568026","2008-11-0876","brgy_3","","","0","0","170","8.5","","178.5",""
"634","2013-12-09","0677577","2008-11-0876","brgy_3","","","0","0","280","14","","294",""
"635","2014-01-09","0702263","2008-11-0876","brgy_3","","","0","0","370","18.5","","388.5",""
"636","2013-07-26","0424007","2008-09-0854","brgy_3","","","0","0","290","14.5","","304.5",""
"637","2013-09-16","0566859","2008-09-0854","brgy_3","","","0","0","290","14.5","","305",""
"638","2013-10-01","0567559","2008-09-0854","brgy_3","","","0","0","215","10.75","","225.75",""
"639","2013-11-04","0568507","2008-09-0854","brgy_3","","","0","0","170","8.5","","178.5",""
"640","2014-01-10","0702264","2008-09-0854","brgy_3","","","0","0","140","7","","147",""
"641","2013-08-05","0424329","2013-02-1393","brgy_3","","","667.5","0","420","21","","1108.5",""
"642","2013-12-03","0677291","2013-02-1393","brgy_3","","","0","0","280","14","","294",""
"643","2014-01-10","0702265","2013-02-1393","brgy_3","","","0","0","140","7","","147",""
"644","2013-10-09","0567444","2012-07-1315","brgy_3","","","0","0","245","12.25","","257.25",""
"645","2013-11-06","0568382","2012-07-1315","brgy_3","","","0","0","445","0","","445",""
"646","2014-01-10","0702266","2012-07-1315","brgy_3","","","0","0","450","22.5","","472.5",""
"647","2013-02-22","0158580","2005-11-0437","brgy_5","","","0","0","140","7","","147",""
"648","2013-03-20","0159417","2005-11-0437","brgy_5","","","0","0","140","0","","140",""
"649","2013-04-29","0160239","2005-11-0437","brgy_5","","","0","0","155","7.75","","162.75",""
"650","2013-07-31","0424064","2005-11-0437","brgy_5","","","0","0","525","26.25","","551.25",""
"651","2013-09-12","0567034","2005-11-0437","brgy_5","","","0","0","140","0","","140",""
"652","2013-12-19","0701549","2005-11-0437","brgy_5","","","0","0","560","21","","581",""
"653","2014-01-10","0702267","2005-11-0437","brgy_5","","","0","0","140","0","","140",""
"654","2012-11-23","0072522","2004-08-0212","brgy_5","","","0","0","140","7","","147",""
"655","","0073769","2004-08-0212","brgy_5","","","0","0","280","14","","294",""
"656","2013-02-22","0158579","2004-08-0212","brgy_5","","","0","0","140","7","","147",""
"657","2013-03-20","0159416","2004-08-0212","brgy_5","","","0","0","140","7","","147",""
"658","2013-04-29","0160238","2004-08-0212","brgy_5","","","0","0","140","7","","147",""
"659","2013-07-31","0424065	","2004-08-0212","brgy_5","","","0","0","280","14","","294",""
"660","2013-07-31","0424065","2004-08-0212","brgy_5","","","0","0","140","7","","147",""
"661","2013-09-12","0567035","2004-08-0212","brgy_5","","","0","0","140","7","","147",""
"662","2013-12-19","0701550","2004-08-0212","brgy_5","","","0","0","560","21","","581",""
"663","2014-01-10","0702268","2004-08-0212","brgy_5","","","0","0","140","0","","140",""
"664","2013-09-16","0566872","2006-10-0660","brgy_3","","","0","0","807","40.35","","847.35",""
"665","2013-11-18","0676876","2006-10-0660","brgy_3","","","0","0","870","43.5","","913.5",""
"666","2013-12-09","0677579","2006-10-0660","brgy_3","","","0","0","868","43.4","","911.4",""
"667","2014-01-10","0702269","2006-10-0660","brgy_3","","","0","0","418","20.9","","438.9",""
"668","2013-03-20","0159390","2004-05-0050","brgy_3","","","0","0","230","11.5","","241.5",""
"669","2013-05-12","0160749","2004-05-0050","brgy_3","","","0","0","535","26.75","","561.75",""
"670","2013-06-14","0337790","2004-05-0050","brgy_3","","","0","0","418","20.9","","438.9",""
"671","2013-06-17","0337843","2004-05-0050","brgy_3","","","0","0","354","0","","354",""
"672","2013-07-18","0423632","2004-05-0050","brgy_3","","","0","0","290","0","","290",""
"673","2013-09-17","0567156","2004-05-0050","brgy_3","","","0","0","245","12.25","","257.25",""
"674","2013-10-21","0568104","2004-05-0050","brgy_3","","","0","0","490","24.5","","514.5",""
"675","2014-01-10","0702270","2004-05-0050","brgy_3","","","0","0","370","18.5","","388.5",""
"676","2013-03-14","0159272","2004-05-0083","brgy_3","","","0","0","280","7","","287",""
"677","2013-04-10","0159684","2004-05-0083","brgy_3","","","0","0","140","0","","140",""
"678","2013-06-10","0337756","2004-05-0083","brgy_3","","","0","0","355","10.75","","365.75",""
"679","2013-08-12","0424570","2004-05-0083","brgy_3","","","0","0","340","10","","350",""
"680","2013-09-04","0566816","2004-05-0083","brgy_3","","","0","0","155","0","","155",""
"681","2013-10-09","0567448","2004-05-0083","brgy_3","","","0","0","402","0","","402",""
"682","2013-11-25","0677153","2004-05-0083","brgy_3","","","0","0","185","9.25","","194.25",""
"683","2013-12-04","0677398","2004-05-0083","brgy_3","","","0","0","185","0","","185",""
"684","2014-01-10","0702271","2004-05-0083","brgy_3","","","0","0","140","0","","140",""
"685","2013-07-17","0423619","2006-03-0474","brgy_3","","","0","0","215","10.75","","225.75",""
"686","2013-07-17","0423620","2006-03-0474","brgy_3","","","0","0","230","11.5","","241.5",""
"687","2013-07-25","0423842","2006-03-0474","brgy_3","","","0","0","521","26.05","","547.05",""
"688","2013-08-06","0424345","2006-03-0474","brgy_3","","","0","0","306","15.3","","321.3",""
"689","2013-09-12","0567026","2006-03-0474","brgy_3","","","0","0","2150","107.5","","2257.5",""
"690","2013-11-15","0676782","2006-03-0474","brgy_3","","","0","0","445","10","","455",""
"691","2014-01-10","0702272","2006-03-0474","brgy_3","","","0","0","338","16.9","","354.9",""
"692","2013-10-25","0568146","2006-05-0542","brgy_3","","","0","0","560","28","","588",""
"693","2013-10-25","0568147","2006-05-0542","brgy_3","","","0","210.45","155","7.75","","373.2",""
"694","2013-11-12","0676670","2006-05-0542","brgy_3","","","0","0","140","0","","140",""
"695","2014-01-10","0702273","2006-05-0542","brgy_3","","","0","0","140","0","","140",""
"696","2013-02-08","0074305","2004-05-0105","brgy_1","","","0","0","140","0","","140",""
"697","2013-03-11","0159820","2004-05-0105","brgy_1","","","0","0","1410","0","","1410",""
"698","2013-05-09","0160466","2004-05-0105","brgy_1","","","0","0","245","0","","245",""
"699","2013-06-10","0337652","2004-05-0105","brgy_1","","","0","0","140","0","","140",""
"700","2013-07-10","0423403","2004-05-0105","brgy_1","","","0","0","140","0","","140",""
"701","2013-08-08","0424500","2004-05-0105","brgy_1","","","0","0","140","0","","140",""
"702","2013-09-09","0566953","2004-05-0105","brgy_1","","","0","0","185","0","","185",""
"703","2013-10-08","0567708","2004-05-0105","brgy_1","","","0","0","552","0","","552",""
"704","2014-01-10","0702274","2004-05-0105","brgy_1","","","0","0","1079","46.95","","1125.95",""
"705","2013-04-08","0159758","2009-11-0957","brgy_4_1","","","0","0","170","8.5","","178.5",""
"706","2013-05-08","0160444","2009-11-0957","brgy_4_1","","","0","0","140","7","","147",""
"707","2013-07-04","0423269","2009-11-0957","brgy_4_1","","","0","0","140","7","","147",""
"708","2013-08-01","0424256","2009-11-0957","brgy_4_1","","","0","0","140","7","","147",""
"709","2013-08-16","0566330","2009-11-0957","brgy_4_1","","","0","0","140","7","","147",""
"710","2013-10-07","0567405","2009-11-0957","brgy_4_1","","","0","0","140","7","","147",""
"711","2013-10-07","0567634","2009-11-0957","brgy_4_1","","","0","0","140","7","","147",""
"712","2013-12-02","0677401","2009-11-0957","brgy_4_1","","","0","0","280","14","","294",""
"713","2014-01-10","0702275","2009-11-0957","brgy_4_1","","","0","0","140","7","","147",""
"714","2013-09-11","0567082	","2004-05-0006","brgy_3","","","0","0","434","21.7","","455.7",""
"715","2013-09-11","0567082","2004-05-0006","brgy_3","","","0","0","875","43.75","","918.75",""
"716","2013-10-11","0568103","2004-05-0006","brgy_3","","","0","0","629","31.45","","660.45",""
"717","2014-01-10","0702276","2004-05-0006","brgy_3","","","0","0","857","27.55","","884.55",""
"718","2013-07-25","0423906 	","2007-08-0758","brgy_2_1","","","0","0","185","9.25","","194.25",""
"719","2013-07-25","0423906","2007-08-0758","brgy_2_1","","","0","0","600","30","","630",""
"720","2013-10-03","0567585","2007-08-0758","brgy_2_1","","","0","0","340","17","","357",""
"721","2013-11-28","0677231","2007-08-0758","brgy_2_1","","","0","0","140","7","","147",""
"722","2013-11-28","0677307","2007-08-0758","brgy_2_1","","","0","0","490","24.5","","514.5",""
"723","2014-01-10","0702277","2007-08-0758","brgy_2_1","","","0","0","340","17","","357",""
"724","2013-08-22","0566459","2013-05-1442","brgy_5","","","666.7","0","280","14","","960.7",""
"725","2013-09-18","0567260","2013-05-1442","brgy_5","","","0","0","140","7","","147",""
"726","2013-09-19","0567289","2013-05-1442","brgy_5","","","333.35","0","140","0","","480.35",""
"727","2013-10-31","0568442","2013-05-1442","brgy_5","","","0","0","140","7","","147",""
"728","2013-11-28","0677235","2013-05-1442","brgy_5","","","0","0","140","7","","147",""
"729","2013-12-20","0701707","2013-05-1442","brgy_5","","","0","0","140","0","","140",""
"730","2014-01-10","0702278","2013-05-1442","brgy_5","","","0","0","140","0","","140",""
"731","2014-01-10","0702279","2004-08-0208","brgy_4_1","","","0","0","430","21.5","","451.5",""
"732","2013-07-31","0424063","2013-01-1373","brgy_4_1","","","0","0","325","16.25","","341.25",""
"733","2013-10-08","0567407","2013-01-1373","brgy_4_1","","","0","0","495","24.75","","519.75",""
"734","2013-10-21","0568116","2013-01-1373","brgy_4_1","","","0","0","140","7","","147",""
"735","2014-01-10","0702280","2013-01-1373","brgy_4_1","","","0","0","355","17.75","","372.75",""
"736","2013-05-23","0160833","2007-10-0770","brgy_4_1","","","0","0","245","12.25","","257.25",""
"737","2013-07-26","0423418","2007-10-0770","brgy_4_1","","","0","0","505","25.25","","530.25",""
"738","2013-09-16","0567127","2007-10-0770","brgy_4_1","","","0","0","887","44.35","","931.35",""
"739","2013-10-21","0568195","2007-10-0770","brgy_4_1","","","0","0","290","14.5","","304.5",""
"740","2013-12-02","0677414","2007-10-0770","brgy_4_1","","","0","0","322","16.1","","338.1",""
"741","2014-01-10","0702281","2007-10-0770","brgy_4_1","","","0","0","612","30.6","","642.6",""
"742","2013-08-01","0424215","2010-05-1019","brgy_4_1","","","0","0","952","47.6","","999.6",""
"743","2013-11-11","0568469","2010-05-1019","brgy_4_1","","","0","0","644","32.2","","676.2",""
"744","2014-01-10","0702282","2010-05-1019","brgy_4_1","","","0","0","855","42.75","","897.75",""
"745","2013-02-19","0158774","2005-08-0340","brgy_5","","","0","0","370","0","","370",""
"746","2013-03-22","0159486","2005-08-0340","brgy_5","","","0","0","386","0","","386",""
"747","2013-04-04","0159650","2005-08-0340","brgy_5","","","0","0","322","0","","322",""
"748","2013-05-15","0160525","2005-08-0340","brgy_5","","","0","0","501","0","","501",""
"749","2013-06-21","0337996","2005-08-0340","brgy_5","","","0","0","434","0","","434",""
"750","2013-07-19","0423711","2005-08-0340","brgy_5","","","0","0","338","0","","338",""
"751","2013-09-13","0425731","2005-08-0340","brgy_5","","","0","0","338","0","","338",""
"752","2013-08-16","0566307","2005-08-0340","brgy_5","","","0","0","290","0","","290",""
"753","2014-01-10","0702283","2005-08-0340","brgy_5","","","0","0","1464","53.1","","1517.1",""
"754","2013-02-13","0074444","2005-06-0316","brgy_3","","","0","0","140","0","","140",""
"755","2013-03-14","0159290","2005-06-0316","brgy_3","","","0","0","140","0","","140",""
"756","2013-04-12","0159839","2005-06-0316","brgy_3","","","0","0","140","0","","140",""
"757","2013-05-15","01600673","2005-06-0316","brgy_3","","","0","0","260","0","","260",""
"758","2013-06-13","0337808","2005-06-0316","brgy_3","","","0","0","260","0","","260",""
"759","2013-07-08","0338234","2005-06-0316","brgy_3","","","0","0","260","0","","260",""
"760","2013-08-05","0424230","2005-06-0316","brgy_3","","","0","0","185","0","","185",""
"761","2013-09-03","0566778","2005-06-0316","brgy_3","","","0","0","215","0","","215",""
"762","2013-10-04","0567613","2005-06-0316","brgy_3","","","0","0","200","0","","200",""
"763","2013-05-11","0568375","2005-06-0316","brgy_3","","","0","0","245","0","","245",""
"764","2013-12-13","0701240","2005-06-0316","brgy_3","","","0","0","290","0","","290",""
"765","2014-01-10","0702284","2005-06-0316","brgy_3","","","0","0","200","0","","200",""
"766","2013-04-02","0159445","2007-07-0735","brgy_2_2","","","0","0","140","7","","147",""
"767","2013-07-09","0423316 	","2007-07-0735","brgy_2_2","","","0","0","140","7","","147",""
"768","2013-07-09","0423316","2007-07-0735","brgy_2_2","","","0","0","140","7","","147",""
"769","2013-07-25","0423951","2007-07-0735","brgy_2_2","","","0","0","280","14","","294",""
"770","2013-09-04","0566796","2007-07-0735","brgy_2_2","","","0","0","170","7.5","","178.5",""
"771","2013-10-01","0567314","2007-07-0735","brgy_2_2","","","0","0","140","7","","147",""
"772","2013-11-18","0676960","2007-07-0735","brgy_2_2","","","0","0","140","7","","147",""
"773","2013-12-17","0701513","2007-07-0735","brgy_2_2","","","0","0","140","7","","147",""
"774","2014-01-10","0702285","2007-07-0735","brgy_2_2","","","0","0","140","7","","147",""
"775","2013-04-12","0159824","2012-05-1278","brgy_5","","","0","0","245","12.25","","257.25",""
"776","2013-05-16","0160660","2012-05-1278","brgy_5","","","0","0","290","14.5","","304.5",""
"777","2013-05-28","0160861","2012-05-1278","brgy_5","","","0","0","434","0","","434",""
"778","2013-07-03","0338296","2012-05-1278","brgy_5","","","0","0","370","18.5","","388.5",""
"779","2013-07-29","0423993","2012-05-1278","brgy_5","","","0","0","322","16.1","","338.1",""
"780","2013-10-07","0567654","2012-05-1278","brgy_5","","","0","0","1130","0","","1130",""
"781","2013-11-18","0676988","2012-05-1278","brgy_5","","","0","228.83","418","20.9","","667.73",""
"782","2014-01-10","0702286","2012-05-1278","brgy_5","","","0","0","322","16.1","","338.1",""
"783","2013-02-21","0158892","2011-09-1238","brgy_3","","","0","0","693","34.65","","727.65",""
"784","2013-07-26","0424008","2011-09-1238","brgy_3","","","0","0","628","31.4","","659.4",""
"785","2013-08-13","0424532","2011-09-1238","brgy_3","","","0","0","934","46.7","","980.7",""
"786","2013-10-07","0567639","2011-09-1238","brgy_3","","","0","0","1104","55.2","","1159.2",""
"787","2014-01-13","0702287","2011-09-1238","brgy_3","","","0","0","1070","53.5","","1123.5",""
"788","2013-06-17","0337726","2008-04-0815","brgy_3","","","0","0","322","0","","322",""
"789","2013-07-19","0423721","2008-04-0815","brgy_3","","","0","0","140","0","","140",""
"790","2013-08-27","0566439","2008-04-0815","brgy_3","","","0","0","140","7","","147",""
"791","2013-09-13","0567086","2008-04-0815","brgy_3","","","0","0","140","0","","140",""
"792","2013-10-18","0568157","2008-04-0815","brgy_3","","","0","0","140","0","","140",""
"793","2013-11-12","0568634","2008-04-0815","brgy_3","","","0","0","140","0","","140",""
"794","2013-12-10","0677534","2008-04-0815","brgy_3","","","0","0","280","0","","280",""
"795","2014-01-13","0702288","2008-04-0815","brgy_3","","","0","0","140","0","","140",""
"796","2013-05-29","0160943","2010-08-1082","brgy_3","","","0","0","306","15.3","","321.3",""
"797","2013-07-23","0337900","2010-08-1082","brgy_3","","","0","0","306","15.3","","321.3",""
"798","2013-07-09","0423315","2010-08-1082","brgy_3","","","0","0","290","14.5","","304.5",""
"799","2013-08-01","0424252","2010-08-1082","brgy_3","","","0","0","338","16.9","","354.9",""
"800","2013-08-16","0566306","2010-08-1082","brgy_3","","","0","0","338","16.9","","354.9",""
"801","2013-09-11","0566993","2010-08-1082","brgy_3","","","0","0","260","13","","273",""
"802","2013-10-24","0568247","2010-08-1082","brgy_3","","","0","0","185","9.25","","194.25",""
"803","2013-11-20","0676891","2010-08-1082","brgy_3","","","0","0","170","8.5","","178.5",""
"804","2013-12-13","0701283","2010-08-1082","brgy_3","","","0","0","140","7","","147",""
"805","2014-01-13","0702289","2010-08-1082","brgy_3","","","0","0","155","7.75","","162.75",""
"806","2013-02-08","0074307","2005-03-0280","brgy_4_1","","","0","0","275","0","","275",""
"807","2013-04-03","0159516","2005-03-0280","brgy_4_1","","","0","0","535","0","","535",""
"808","2013-04-02","0159701","2005-03-0280","brgy_4_1","","","0","0","402","20.1","","422.1",""
"809","2013-06-21","0338004","2005-03-0280","brgy_4_1","","","0","0","290","0","","290",""
"810","2013-05-17","0566905","2005-03-0280","brgy_4_1","","","0","0","620","31","","651",""
"811","2013-10-08","0567751","2005-03-0280","brgy_4_1","","","0","0","816","33.8","","849.8",""
"812","2013-11-11","0568699","2005-03-0280","brgy_4_1","","","0","0","140","0","","140",""
"813","2013-12-10","0677538","2005-03-0280","brgy_4_1","","","0","0","140","0","","140",""
"814","2014-01-13","0702290","2005-03-0280","brgy_4_1","","","0","0","140","0","","140",""
"815","2013-03-04","0158809","2004-05-0099","brgy_2_1","","","0","0","280","7","","287",""
"816","2013-05-20","0160546","2004-05-0099","brgy_2_1","","","0","0","325","16.25","","341.25",""
"817","2013-07-08","0423304","2004-05-0099","brgy_2_1","","","0","0","170","8.5","","178.5",""
"818","2013-08-16","0566315","2004-05-0099","brgy_2_1","","","0","0","385","9.25","","394.25",""
"819","2013-09-17","0566904","2004-05-0099","brgy_2_1","","","0","0","215","0","","215",""
"820","2013-10-08","0567752","2004-05-0099","brgy_2_1","","","0","0","215","0","","215",""
"821","2013-12-10","0677537","2004-05-0099","brgy_2_1","","","0","0","415","10.75","","425.75",""
"822","2014-01-13","0702291","2004-05-0099","brgy_2_1","","","0","0","200","0","","200",""
"823","2013-03-18","0159315","2004-05-0068","brgy_4_1","","","0","0","140","7","","147",""
"824","2013-04-16","0159975","2004-05-0068","brgy_4_1","","","0","0","155","7.75","","162.75",""
"825","2013-04-16","0159976","2004-05-0068","brgy_4_1","","","0","0","230","0","","159976",""
"826","2013-07-29","0423995","2004-05-0068","brgy_4_1","","","0","0","570","28.5","","598.5",""
"827","2013-09-05","0566825","2004-05-0068","brgy_4_1","","","0","0","490","24.5","","514.5",""
"828","2013-10-24","0568248","2004-05-0068","brgy_4_1","","","0","0","722","36.1","","758.1",""
"829","2013-11-28","0677241","2004-05-0068","brgy_4_1","","","0","0","1249","62.45","","1311.45",""
"830","2014-01-13","0702292","2004-05-0068","brgy_4_1","","","0","0","1062","53.1","","1115.1",""
"831","2013-12-04","0677399","2011-01-1143","brgy_3","","","0","0","435","21.75","","456.75",""
"832","2014-01-13","0702351","2011-01-1143","brgy_3","","","0","0","170","8.5","","178.5",""
"833","2012-12-06","0072648","2009-05-0919","brgy_2_2","","","0","0","185","4.75","","189.75",""
"834","2013-07-24","0423828","2009-05-0919","brgy_2_2","","","0","0","635","31.75","","666.75",""
"835","2013-08-20","0566377","2009-05-0919","brgy_2_2","","","0","0","818","40.9","","858.9",""
"836","2013-10-14","0568009","2009-05-0919","brgy_2_2","","","0","0","295","7.75","","302.75",""
"837","2014-01-13","0702352","2009-05-0919","brgy_2_2","","","0","0","140","7","","147",""
"838","2013-07-23","0423820 	","2005-10-0408","brgy_2_2","","","0","0","275","13.75","","288.75",""
"839","2013-07-23","0423820","2005-10-0408","brgy_2_2","","","0","0","600","30","","630",""
"840","2013-08-23","0566513","2005-10-0408","brgy_2_2","","","0","0","840","42","","882",""
"841","2013-10-14","0568017","2005-10-0408","brgy_2_2","","","0","0","306","15.3","","321.3",""
"842","2013-12-02","0677276","2005-10-0408","brgy_2_2","","","0","0","550","27.5","","577.5",""
"843","2014-01-13","0702353","2005-10-0408","brgy_2_2","","","0","0","306","15.3","","321.3",""
"844","2013-10-14","0567806","2008-04-0817","brgy_4_3","","","0","0","1135","56.75","","1191.75",""
"845","2014-01-09","0712156","2008-04-0817","brgy_4_3","","","0","0","720","25.25","","745.25",""
